,Name,ATS0p,ATS3p,AATS5p,AATS2i,AATS5i,AATS6i,ATSC0m,ATSC0p,AATSC3c,BCUTp-1h,SpMax1_Bhm,SpMax2_Bhm,SpMax3_Bhm,SpMax4_Bhm,SpMax6_Bhm,SpMax1_Bhe,SpMax1_Bhi,VCH-7,VP-1,VP-3,VP-4,VP-5,VP-6,CrippenLogP,SpDiam_Dt,minHBa,maxwHBa,meanI,hmin,LipoaffinityIndex,MAXDN,MAXDP,ETA_BetaP_ns_d,ETA_Eta,ETA_Eta_F,ETA_EtaP_F,BIC0,ZMIC1,MLFER_BO,piPC2,piPC6,XLogP
0,CHEMBL1922200_0,79.80849114546983,173.11216710831923,1.1453955349847675,159.36707403162615,169.69944031487003,166.2567770468964,1970.4929259310347,12.511519832985504,-0.0006252107103306361,10.37054963749063,4.060020340043334,3.777007174549076,3.588512729091649,3.398542906909092,3.062066530719381,4.074126123269163,4.1280374634636186,0.122062822156398,9.999645878806245,4.917605044018793,3.184559018576833,1.941543502241885,1.0533616958980423,5.051670000000007,385.9964110961738,2.034813633786848,2.0714154347970184,2.1011904761904763,-0.0113975497606451,9.004089366272677,1.7777459728789995,4.265213474605575,0.03571,27.09553,24.74663,0.88381,0.2401989850459875,47.31044158896968,1.904,4.244917420701475,6.286725250923157,4.538000000000001
1,CHEMBL382823_0,85.51338362122485,181.7906331396412,1.2359568212009775,159.85246043974033,164.29668114563663,163.3438897790666,2822.3645345346217,13.535060981214023,0.0014236799840487,10.824120380470136,4.040124713669917,3.970170035784416,3.638961244483916,3.433972103595164,3.2634639713574787,4.045271041937158,4.072293858174269,0.1152515045779522,10.280586151988048,5.449626889601683,3.461301673403017,2.333555694304842,1.41871035858429,4.717980000000004,475.7933192780628,0.4042410743983088,1.896848859914336,2.396219135802469,-0.0602235285758012,8.865061562509354,2.091988712553772,6.592967661349558,0.0625,28.95417,35.54502,1.11078,0.2931814466838734,41.07765688841809,3.131,4.394449154672439,6.478317611483063,2.2210000000000005
2,CHEMBL223460_0,82.28626519213088,159.76065437758416,1.3965770245237277,157.69321538889332,161.6885672568905,163.21265914298658,2997.7656208199987,14.030517409121204,-0.0023244852972645,11.242295780869377,4.700183274346255,3.986194445900881,3.846361551074249,3.497638408143227,3.2734152207005027,3.986287521132278,3.9754968685707697,0.0732875988540357,10.020344052827468,4.445943801261989,3.020081001436842,2.059418122555936,1.1611029644307456,4.477850000000004,617.8329381446396,0.3462311876750404,1.915822349520191,2.5968737554759063,-0.1942291255493968,4.22043491884398,5.322539400974323,5.52667368867986,0.03226,27.22509,34.8261,1.12342,0.332271944762582,42.54956884880266,2.4530000000000003,4.382026634673881,6.047963021013245,0.984
3,CHEMBL1922215_0,83.48661695516782,186.2829250074703,1.1442935993966803,159.13016927684518,169.55969936761582,165.7553687867987,2061.7119800655755,13.198933654358528,-0.0004386382995981529,10.39020060851282,4.0600678373362005,3.777010254238438,3.617048224993757,3.4136131599706947,3.0623681635944258,4.074187517929517,4.128088154494591,0.122062822156398,10.372324678868422,5.130161185736409,3.32325989257307,2.0746703629389067,1.0818876251218166,5.297670000000007,403.7646157810401,2.0374178004535146,2.072792845265338,2.091954022988506,-0.0267036722096246,9.600612216933929,1.8101533802864076,4.533731993124095,0.03448,29.85841,25.39721,0.87577,0.2350028843486128,49.10322024714182,1.924,4.273187854639731,6.2922922576750135,4.835000000000001
4,CHEMBL1288038_0,65.86952276303698,112.79883529454696,1.3791598727768015,161.51061915846824,162.87266319053842,163.5940456492623,1980.0961639166132,11.69963111612723,0.0031908534442867,11.852250355520075,4.280620444774693,3.8247379667891153,3.7997982191030695,3.4108502898117767,2.9911982652711155,4.0238173627388605,4.060780401246861,0.1696396467206101,8.247832152484436,4.330415199972732,2.977107621613608,1.7169288519850676,1.052253733630712,4.527980000000001,350.0994453530764,-1.6927523879298574,1.9371195567299464,2.8678774928774926,0.1696443558857706,6.983111296275997,5.827904676084847,5.248857814730831,0.03846,17.74864,28.15478,1.08288,0.3592241522276299,40.991325824877045,1.134,4.276666119016055,6.179563652512323,4.303
5,CHEMBL3695632_0,66.99566209697998,129.5137882344329,1.2444599534236576,157.77018414285627,165.2799238596441,165.0734426803652,1535.4578151999992,9.652938084100008,-0.0027680692683241,9.29068521349466,3.989334149334728,3.8081851271545664,3.533638782701785,3.321525988431301,2.9647942639754,4.008451748482095,4.05223656214944,0.081519544436647,8.222403309452321,3.62032413950036,2.320307870515968,1.487745386870252,0.8307072463092922,5.077570000000003,336.643117063355,2.6569906232828724,2.072843555349244,2.2466666666666666,0.1086363851095993,7.498614175701212,1.965182698390428,4.59831121612382,0.04,16.99908,24.63501,0.9854,0.2677519897570654,43.22411072463647,2.1600000000000006,4.219507705176107,6.264766373919434,4.014
6,CHEMBL124660_0,114.96245800365774,263.3148400419607,1.2133645248579277,159.95873866397778,161.99130645187915,162.23500822361112,2900.872529469878,18.273678318240712,-0.0006229309840650529,10.63420544965109,4.019745733382535,3.8296430364230174,3.652684431209633,3.627031602171727,3.335436622316004,4.039839237351245,4.066297936006467,0.1909964195363022,14.75430988079844,7.568421613214826,5.440903133821591,3.850074747185498,2.0549500022033804,6.540570000000008,819.0526026477409,1.8282037492450232,1.968632490252745,2.065040650406504,-0.2396871363945465,13.240803897387597,1.7791943852345269,5.911049577960614,0.04878,43.05822,39.15424,0.95498,0.2294719696888345,65.96681459328525,3.111,4.543294782270004,6.49299712396238,4.015000000000001
7,CHEMBL383760_0,83.98095381152686,183.12940724073528,1.337221704775194,158.15260729841555,162.48875809240764,161.9914265912922,2658.594082635561,12.98568556369144,0.0010701274261293,10.804663232943856,4.04059649547441,3.97084721145804,3.727430692385931,3.444881699021766,3.235888938668726,4.046633258876206,4.073917238733703,0.2212569000566226,10.375885613608792,5.820232582125655,4.14209542539995,2.6457259124074195,1.6171996215657327,5.106180000000004,504.00341613084186,0.4258441491149367,1.9719622385991435,2.296097172441258,-0.0790031102355236,9.30975019271618,1.905553273288096,6.578688404281839,0.06452,26.87717,33.04734,1.06604,0.2905478568292572,40.585777834636446,2.962,4.406719247264253,6.49205042314378,3.0120000000000005
8,CHEMBL3909478_0,72.86016776303691,138.9024228787921,1.626122138342042,151.4625960495229,161.69257180396295,156.2905559187327,1698.9669806666657,10.468319845101592,-0.0017426960803858,12.021333734620509,4.309320251145768,3.9520037740765055,3.775978399171061,3.450343125123012,2.9629909365554123,4.032692331779327,4.057280060136854,0.3834919921324938,9.003684503477183,5.458005114567257,4.130446900504764,2.6676119985420907,1.5602731940896617,3.183270000000004,389.2964724921603,-1.475435137529544,2.4022102282270934,2.1531339031339027,-0.0052765818920671,5.0756034337530895,2.123583285677692,3.765761198010477,0.01923,16.15225,27.2679,1.04877,0.2801761840338548,42.32986181602519,2.0640000000000005,4.394449154672439,6.4098407389755625,1.972
9,CHEMBL382822_0,87.65907962122485,194.29739502018836,1.3453010543179618,159.54407701513313,162.50265328775842,160.98915379381566,2775.0183553052075,13.716737188231564,0.0012714796592694,10.814492606441371,4.0406209241211055,3.970893877313942,3.739519124503424,3.454039772960949,3.277659842019835,4.046695404088322,4.073989913607853,0.2188475413504339,10.743919602358687,5.997016342578236,4.256271373983508,2.7634646005859924,1.6935044590297843,5.448380000000006,531.1276744443552,0.4254870762446363,1.9821663202317965,2.271219135802469,-0.0990031102355237,10.167235771825974,1.904053437653645,6.612259229061455,0.0625,28.92382,34.48938,1.07779,0.2830634273121519,42.33224045036042,3.0740000000000003,4.430816798843313,6.496586435457294,3.1539999999999995
10,CHEMBL3695658_0,63.31753628728202,120.15476649533888,1.314823461811065,158.08155783579087,165.63875448089792,164.15805436277554,1429.5495424761896,8.929616592351616,-0.003187168518417,9.295653441827287,3.9893106667192937,3.799431720055011,3.531723335040205,3.308067259347997,2.8936647946515643,4.008342531367421,4.052165683640242,0.0896554671814651,7.6617431376725,3.2762132729204234,2.2193452226931543,1.372740277315626,0.7521889112445195,4.543190000000003,319.3868920278545,2.6529673683530244,2.025893201772184,2.2777777777777777,0.114308271919879,6.889379488575738,1.9663430201051952,4.577955996455414,0.04167,15.51732,24.09766,1.00407,0.2754482624574553,41.92285960242851,2.1600000000000006,4.204692619390966,6.242040855823431,3.445
11,CHEMBL3356126_0,99.08927733577184,225.72370997928235,1.1606433602197446,156.58842130689837,165.23791587454733,163.3376999350429,3674.57031971429,15.913847520762202,0.0005916792542576423,9.917579162884149,4.082250330482259,3.8662717895011554,3.748375837408589,3.6173810451117743,3.3742725899254054,3.916821553678656,3.950095202866835,0.2492960599416273,12.315473459632262,7.134049746291009,4.971631406504118,3.058549882661942,1.9250468652856063,4.110890000000004,558.2252077126589,0.5347027454084983,1.9672469775758248,2.300705467372134,-0.0738214810492345,7.820224294060494,1.6776815412881367,5.9043974536808665,0.05714,33.66031,34.71452,0.99184,0.2748777031364733,60.26469272769101,2.907,4.406719247264253,5.843000791032649,1.7629999999999997
12,CHEMBL3781159_0,68.37501047758394,132.623345411094,1.406872832984572,151.12322880790566,160.37427854820902,157.20073555903895,1312.2882111219517,9.165237404575606,-0.0010383737106212,9.75541395475275,4.041724192401042,3.826383899655222,3.743670480183468,3.314537424771445,2.892831042748552,4.063351545845776,4.097638905601154,0.0911337882614941,7.909948752138163,3.840313621704442,2.5809372993809143,1.7529714133400904,0.888454058890902,6.403660000000003,361.6162770593664,3.2711074892920133,2.0202815646588195,2.106666666666667,0.0283804169816074,8.990674517855194,0.9580882044175696,1.7447515866994996,0.04,14.24178,26.734,1.06936,0.2571216769804886,56.17078420033825,1.9490000000000005,4.375757021660286,6.665126237578427,5.1400000000000015
13,CHEMBL3185338_0,63.31753628728202,120.15476649533888,1.2782936067353412,158.08155783579087,165.87250659830778,164.32753711999237,1429.5495424761896,8.929616592351616,-0.0031352594190244,9.28576489551752,3.98916477780964,3.79848855482763,3.5322656831145705,3.311829752375285,2.9039274270516757,4.008189268220363,4.052037285914598,0.0896554671814651,7.6617431376725,3.3097069219743136,2.133421146589359,1.4224856880279086,0.7322160290732996,4.543190000000003,316.60852707918593,2.652217380652487,2.0172879997936883,2.2777777777777777,0.1178956443688585,6.898748305597061,1.966440597999976,4.573537973493435,0.04167,15.41851,24.05681,1.00237,0.2754482624574553,41.92285960242851,2.1600000000000006,4.204692619390966,6.232140994964494,3.4450000000000003
14,CHEMBL3781543_0,68.37501047758394,132.86958633479202,1.4525378896434755,151.12322880790566,160.12903758150452,157.4302748119703,1312.2882111219517,9.165237404575606,0.002813774376406,10.07137837443,4.047662590144888,3.828337437390488,3.7400855305963647,3.280775341494557,2.9649333212952707,4.067570006210179,4.101886764271977,0.0900173332930311,7.921914880425577,3.8894001075322335,2.660559777752036,1.7803700934479822,0.9081797034283804,5.998470000000003,392.5858034718168,3.2870608150667677,2.0188800495073043,2.1066666666666665,0.0274409879692617,8.922466632248154,1.0193410388846895,1.8802401839662144,0.04,14.49032,27.11066,1.08443,0.2571216769804886,56.17078420033825,1.98,4.375757021660286,6.685002276393845,5.1400000000000015
15,CHEMBL208048_0,84.87017962122485,185.3373678673392,1.2432291946053078,158.27683202805883,162.6647475158775,165.26732277918228,2758.918877409237,13.429699921570991,0.0003085915725384557,10.860974419051416,4.040256760890827,3.970340427302041,3.653192724881315,3.4340743377084424,3.250872215945996,4.045560654903643,4.0726226301422646,0.1152515045779522,10.180334389038943,5.459522305280242,3.5712284071228453,2.283765149405051,1.314458806284546,5.479980000000005,453.6403331594528,0.4124677069925644,1.920238882590073,2.3713659896455592,-0.1145586657910793,9.596689082206028,2.0571767322060777,6.575300052429451,0.06452,29.51266,33.49,1.08032,0.2862117421384001,42.06787223561915,2.9250000000000003,4.394449154672439,6.47369777650987,3.2939999999999987
16,CHEMBL188502_0,85.49397100182885,167.35993170788618,1.3938065546898388,153.06887827556525,161.48036647444948,162.29896100271577,2365.12524317647,12.071602743428816,0.0005809638286384842,9.927099925970166,3.988794697962685,3.935771475405685,3.772412282153437,3.631374338177704,3.2639469472091527,3.992824670618335,4.02994788851229,0.1011373783417455,10.067895373154402,4.69482317094154,3.217623760538825,2.0715928909230548,1.0877693656969696,5.415580000000004,499.52826400729066,0.8287107987498,2.148057990082002,2.0170781893004115,0.0212009384749665,10.643626801107368,0.9467014408613664,1.7102026833927224,0.05,20.09737,31.40818,1.04694,0.2509665050571446,57.72349136801697,2.498,4.430816798843313,6.264588030727213,4.199999999999999
17,CHEMBL232610_0,87.44952738243286,189.5961465387352,1.5683519559182937,148.35471124290734,157.02264163902143,158.71917244160227,2049.00646125,13.074517387237975,-0.0014910637436586,12.81143645829901,4.271104119185629,4.006787054491904,3.8255360597460375,3.4454481784062527,3.241280144579189,4.051001315624359,4.064927503494213,0.4211644121226718,10.652859114784334,6.547966001155289,5.149976696606103,3.578871579279511,2.209758621120669,3.383280000000004,541.4470184462843,-2.0208577441607645,2.301968143738977,2.33273596176822,0.0682164124322312,6.169832365049691,2.6690058923089124,6.150095341600571,0.01613,22.64136,36.14608,1.166,0.278475058525877,51.047745319801685,1.7470000000000003,4.532599493153256,6.566232811384942,5.672999999999999
18,CHEMBL3909574_0,62.71667176303702,117.65162219018796,1.6293080496566,152.9047409650933,159.37334527585432,157.42195129273048,1672.0505567428563,10.083731058594688,-0.0019795162233619,11.981372296958178,4.3093091576704365,3.798882453742239,3.461452986286893,3.2919540376991367,2.815456045237754,4.030752906040148,4.043840411310215,0.2180364654658288,7.5597498451509475,4.155540335059347,3.0731498676948097,2.038452759995665,1.2429737118508963,2.5181700000000022,272.8291061303481,-1.4555889684406,2.333462931468884,2.332491582491582,0.0150284890190643,3.7652320875361367,2.103737116588748,3.568267904383976,0.02273,13.44064,21.73644,0.98802,0.3148294730873817,37.68866126173528,1.962,4.123093975508087,6.21869349182644,1.2140000000000002
19,CHEMBL1922204_0,74.10685243092287,157.07056376522524,1.145640202025705,161.40380659259316,170.3899900138212,167.784949248009,1869.8238945370383,11.303832165387435,-0.0004798156665370616,10.340474292919378,4.05990855854769,3.762228756754279,3.569887679511671,3.387545417763659,3.057871528021222,4.073888846922497,4.127940692317552,0.1169505707982299,9.321438295914458,4.477497408220433,2.888813985937804,1.660343898898594,0.9787763238326738,4.516470000000006,367.8777859455853,2.011376133786848,1.956172092280949,2.160493827160494,0.0117210726883344,7.580739626458665,1.8386718988049255,3.951393456240103,0.03704,24.74054,24.56905,0.90996,0.2531477016931552,44.1617202212816,2.1920000000000006,4.230476736546681,6.281127079029633,2.536
20,CHEMBL1922212_0,77.78497824062084,172.96392143413115,1.139197624078626,161.1043358299233,169.05901004342684,169.74322815588792,1963.8737077192984,11.991736949989283,-0.0011506598439684,10.384987272162702,4.060151849050772,3.764174062878752,3.620392276494426,3.4038837349158078,3.0566742527933046,4.0742004042541815,4.128155165847852,0.1169505707982299,9.65477162924779,4.724850964332068,3.10476583788488,1.7074896936259751,1.00255658347611,4.446670000000006,383.9461487202362,2.0163561350466117,2.0056165367253933,2.1517857142857144,-0.010751921138826,8.355607616421945,2.1441874178377605,4.417991252383353,0.03571,27.86522,25.34594,0.90521,0.2472856428176556,46.24407145431319,2.2190000000000003,4.273187854639731,6.2895126282396046,2.568
21,CHEMBL2408045_0,88.30228362122486,189.28395295643335,1.2812507400638302,159.00015951354365,163.8251429978133,159.64923461646424,2837.3667539647045,13.828322828455605,0.0012458070955813,10.596435977688522,4.038554174486598,3.9685985612172976,3.681323313694113,3.4742749127046366,3.281811674410461,4.040432319504643,4.064786289872069,0.1810211463147299,10.993314051374966,5.891602899804021,3.9646514458811977,2.8384319336043657,1.5804581340955457,5.269770000000006,547.5031013626672,0.4188848558721836,1.844653381414294,2.3084549195660307,-0.3363948333963213,9.311018102129186,1.9154811388796904,6.5891972803234085,0.07576,29.08484,34.90621,1.05776,0.2899797420325392,44.21664394868508,2.9700000000000006,4.430816798843313,6.481385686756463,2.8130000000000006
22,CHEMBL206783_0,83.98095381152686,189.6224367515843,1.2964822159778928,156.48239666819777,162.7122885969588,163.82976035251016,2658.5940826355604,12.985685563691442,0.0005811019417938832,10.817516919269195,4.040374320858611,3.970542320185767,3.7065860138501687,3.44270057550334,3.2231129470179254,4.046050947639417,4.073238741323162,0.1931699122551112,10.414560748203606,5.84960787660728,4.165624215708112,2.9270188345221406,1.6788954601307486,5.235580000000005,510.63891891507046,0.4203118291910823,1.9515540753338367,2.328355236957388,-0.0902531102355237,8.947586674762682,1.9682878433171889,6.577661958200448,0.06452,27.5245,32.69695,1.05474,0.2905478568292572,41.71459601506595,2.905,4.406719247264253,6.49205042314378,2.8519999999999994
23,CHEMBL3318032_0,64.20676209698003,138.2866749768489,1.2473136998119656,159.65117292712804,169.79639229309478,160.40797869815705,1514.4198469090902,9.35342963835273,-0.0023537942934103,9.975074886030196,4.064719876665435,3.824729361287547,3.585461464975501,3.3225387243090703,2.824893017528202,4.08750668241265,4.121513187659012,0.0912874790978666,7.646731036122705,3.3524597621517644,2.353302377135914,1.390495664408946,0.8122681153208028,3.403890000000004,326.8967811061957,1.7378690247142627,1.9366960742630384,2.2604166666666665,0.078189838435374,7.449093000363045,1.936911199537462,5.081516776106423,0.02083,18.30202,23.49984,0.97916,0.2697730005889094,36.72614729836794,1.6579999999999997,4.273187854639731,6.562135077026434,1.357
24,CHEMBL3695652_0,68.28207009697995,127.9038763224899,1.25894346530804,161.1936419440262,164.63214217371416,164.86990242359755,1674.5738484255303,9.857497087201276,-0.0016719253168767,9.37777560482806,3.990172764910744,3.831764191593805,3.5345297498842174,3.320592578995635,2.9676505415263468,4.008863500032327,4.052092715898247,0.0796587861558753,8.303154675730756,3.641680504011637,2.4105053447832754,1.5280736534920685,0.8210306233346286,4.532370000000003,376.1848096787003,2.645735217109884,1.8409940247142629,2.3456790123456788,0.1013064706750187,6.509449449123413,1.9889660650496688,4.636642212559213,0.07407,18.35252,28.92533,1.07131,0.287429317977808,43.59468250184672,2.3240000000000003,4.276666119016055,6.336991646585253,2.023
25,CHEMBL1922203_0,79.80849114546983,178.36410787382914,1.13163221576642,159.41821618934924,169.02486294193622,169.09742392058996,1970.4929259310345,12.511519832985504,-0.001084129029596,10.390200132282516,4.060188474647677,3.77701347521872,3.62040389982547,3.404879330735021,3.0617825794371094,4.074301989428127,4.128183215670489,0.122062822156398,9.805040516420132,4.844883521899634,3.19793387006691,1.7828873293999938,1.0317604081202825,5.051670000000007,383.9461487202362,2.028701814058957,2.0681165367253933,2.1160714285714284,-0.0169247606449989,9.267234252072148,2.135922955027844,4.424935696827798,0.03571,28.16673,25.04443,0.89444,0.2401989850459875,48.66558127158154,1.9310000000000005,4.273187854639731,6.2895126282396046,4.597000000000002
26,CHEMBL1922211_0,85.14122986001682,198.0670848978294,1.1502500760721313,160.46754304819308,169.47891184841978,165.82511379278296,2148.1621510793643,13.36270215880173,-0.0003886786153643785,10.420824660387389,4.060092755714034,3.764177261566823,3.6583001310271857,3.430994749662805,3.056754146006301,4.074164368210054,4.128122427120327,0.1169505707982299,10.522697054578307,5.183261041508061,3.34435214522253,2.1036701972511183,1.075538228437148,5.082770000000007,421.1733770135112,2.0263742047745024,2.0109815504994977,2.1194444444444445,-0.0358369551524313,9.408797838614475,1.8716585838370656,4.7860468079389085,0.03333,32.86025,26.41229,0.88041,0.2368060787887118,49.56519506917057,2.2390000000000003,4.314149212270796,6.297828444359064,3.201
27,CHEMBL2338335_0,62.921049192131015,137.17961800448995,1.3569173754748312,154.43262127973634,157.89744813717476,161.6108654550165,1361.4458615121955,9.429614158997124,-2.098630369554132e-05,10.476055291235102,3.8636872370442776,3.7642877495388745,3.632486598676883,3.108702794439953,2.7435102242053606,3.9140562552317752,3.946246814541646,0.1188192831645323,7.464383682848184,3.8511711943108655,2.839788352162868,1.9311263051545704,1.1028363593403938,2.0506900000000017,260.29780881411506,2.1843055555555555,1.9762148841017888,2.159090909090909,-0.0390539965986395,7.149483422699734,1.449623960695389,5.729274376417233,0.0,15.83855,19.54982,0.88863,0.2542701747691425,39.22069794289129,1.786,4.007333185232471,5.394763264816289,2.7100000000000004
28,CHEMBL2338333_0,62.03182338243302,127.83173224909385,1.4908951010688365,154.08064094281977,155.06288689374583,159.0187902685691,1281.9897392307685,8.954367553064769,0.0005390506464012824,10.520544357023718,3.882690481042873,3.76859959842611,3.627220290292344,3.12550539668059,2.712149591014915,3.923745801343564,3.951968021904309,0.1003253630792958,7.186562236515272,3.483593205615776,2.489425884052769,1.6602249469720058,0.8925540563789766,2.092680000000002,260.29780881411506,2.1160185185185183,1.917708149617872,2.196969696969697,0.0043487811791382,7.050768843618101,1.588512849584278,5.660987339380196,0.0,14.29271,21.09567,0.95889,0.2581899034592027,43.02595121436629,1.778,4.060443010546419,5.676325628423162,2.9110000000000005
29,CHEMBL1922118_0,77.78497824062084,171.47967399898022,1.1303870592837617,161.0307337861406,169.48194590049897,169.9275067189257,1963.8737077192984,11.991736949989283,-0.0006746028949209819,10.379775000757569,4.060114674518373,3.76223604417413,3.620395074692545,3.404568194147205,3.061782088552363,4.074114789180126,4.12812866260554,0.1169505707982299,9.664837735989128,4.7052012021340905,3.093263272329001,1.705448986241728,0.9989641779341272,4.906570000000007,383.9461487202362,2.013076814058957,1.957005425614282,2.1517857142857144,-0.0091122606449989,8.31546772466766,2.145922955027843,4.416671234017881,0.03571,27.84236,25.3688,0.90603,0.2472856428176556,46.81261014082256,2.2190000000000003,4.273187854639731,6.2895126282396046,2.953
30,CHEMBL207130_0,92.99181833577182,223.8913242664904,1.1537471804227586,159.70837702727684,166.13633052867675,166.59563322195692,2972.6070536722013,14.65530357819752,0.0004862435078434067,11.95672571213584,4.040422905773209,3.970684947118451,3.770124916742197,3.4638945408389583,3.278016860855628,4.04605385188562,4.073206709793777,0.2241040537341943,11.350806969351046,6.945160308182212,4.655900311617873,3.20735446498948,2.029093761281343,4.7772800000000055,540.1089049476418,0.4111669240582472,1.9450914902998235,2.2969317356572256,-0.1353919991244125,10.244165398335973,1.9790285840579291,6.669958882055813,0.05882,33.52859,37.41267,1.10037,0.2775118364805991,44.40997133512537,3.587,4.477336814478207,6.516008147702169,2.034
31,CHEMBL1922213_0,76.13036533577184,163.95499764007417,1.1466891115446969,159.6870764838653,169.86348403555985,166.88566198329016,1878.127502909089,11.82230990636079,-0.00092368684516929,10.350899524296594,4.059982589180349,3.77700530454604,3.5699173644252613,3.3878469999454026,3.0578717227200096,4.074076782809918,4.127995434889642,0.122062822156398,9.461641076345462,4.6171797279859765,2.993484583675712,1.7377822420568598,1.011572554018829,4.661570000000006,367.8777859455853,2.027001133786848,2.06728320339206,2.123456790123457,0.0039085726883344,8.530486739262605,1.8286718988049255,3.95965791905002,0.03704,25.0557,24.25388,0.89829,0.2458124356398298,46.05027752831235,1.904,4.230476736546681,6.281127079029633,4.180000000000001
32,CHEMBL1922115_0,77.78497824062084,166.22773323347022,1.1444058512110005,160.97860812538437,170.17961838223886,167.04349119067192,1963.8737077192984,11.991736949989289,-0.00020208720018815085,10.360124424430332,4.059946354319356,3.7622304279358536,3.588493765691773,3.3982408345256183,3.0620660559839203,4.073938359306335,4.127982766159224,0.1169505707982299,9.859443098375236,4.777922724253248,3.079888420838924,1.8641051590836195,1.0205654657118868,4.906570000000007,385.9964110961738,2.019188633786848,1.9603043236859077,2.136904761904762,-0.0035850497606451,8.04969349313816,1.7877459728789995,4.256949011795658,0.03571,26.77427,25.06789,0.89528,0.2472856428176556,45.449543013158944,2.1920000000000006,4.244917420701475,6.286725250923157,2.894
33,CHEMBL3947385_0,76.5389886678859,141.12764170309407,1.575743009348552,149.4218700080185,158.38342609023226,156.51648748898037,1804.831145121952,11.500040976022488,-0.0031155197706038,11.96469451646076,4.309310459552327,3.847507027155215,3.735172628423376,3.4469719813488866,3.046885834111285,4.030886069540454,4.043313306039184,0.2391877308882189,8.981956619746413,5.007092662043014,3.599940340715592,2.37775004599438,1.3902019069796414,6.392650000000003,396.6322778206051,-1.5112033439826906,2.361380441448082,2.227709190672153,-0.025342261904762,6.562443268259745,2.1593514921308388,3.745307873335888,0.03704,16.41321,29.99702,1.111,0.2923627124427873,52.70674804576117,1.7889999999999997,4.385146762010125,6.429996657363335,4.007000000000001
34,CHEMBL3785951_0,99.4723868600168,236.0162117436215,1.1568160278843302,158.93283110595266,165.385700641605,165.25033099958216,2539.361918184202,15.524936015809004,-0.0011208403267799,11.358282064120097,4.149370554204424,3.8197138894692793,3.7337131574396425,3.603197713811399,3.25790711784424,4.165887070470669,4.198435412653222,0.5221345160296753,13.12548964404208,8.084241893455095,5.676114484390925,3.8626292459493112,2.5321668450252623,3.6985900000000074,694.8425059107734,1.907980759681997,1.9648377703545448,2.2252252252252256,-0.1939919804320899,10.46154504629218,2.012409578156332,7.149935442648909,0.04054,37.6127,35.61847,0.96266,0.2542913523872928,50.13503546508674,3.3920000000000003,4.572130331909891,6.939238805423013,1.8179999999999992
35,CHEMBL3695629_0,63.96074028728202,118.33526091733891,1.275026044657145,159.69794043653008,165.03640695610835,164.9840635825074,1497.2186296279065,9.039860131861628,-0.0031106614123835,9.284527697572816,3.989175541311864,3.799475491231325,3.5325020425845914,3.314021627543968,2.945759960658028,4.008000279469467,4.051718310061151,0.0732179196943502,7.774115573368295,3.348158612524451,2.170878625154626,1.3842730925115232,0.7479890138063051,4.5237700000000025,336.643117063355,2.6467865416502194,1.8801606913809292,2.3266666666666667,0.1242613851095993,6.425496862584153,1.977017017917055,4.588107134491168,0.06,15.74447,25.88962,1.03558,0.287358535975672,42.36955182799061,2.3360000000000007,4.219507705176107,6.264766373919434,2.467
36,CHEMBL1922206_0,81.46310405031883,179.39849113262142,1.1433578175004036,160.64949415176602,170.00100095919726,166.45438752867813,2056.58960685,12.677946208454188,-3.6777436126201705e-05,10.379775476265769,4.059993909725358,3.762233270644784,3.6170395704866056,3.413323456170857,3.0623677124076965,4.0739999745573305,4.128033513235998,0.1169505707982299,10.232121898437418,4.990478865970865,3.2185892948351613,1.9972320197806404,1.049091394935661,5.152570000000007,403.7646157810401,2.0217928004535146,1.961681734154227,2.126436781609196,-0.0188911722096246,8.643275572449546,1.8201533802864076,4.525467530314177,0.03448,29.52943,25.72618,0.88711,0.2418531921158073,47.268979018704975,2.212,4.273187854639731,6.2922922576750135,3.191
37,CHEMBL1922218_0,74.10685243092287,158.55481120037624,1.1555508534971728,161.4819148839544,169.9264870392658,167.57684156044044,1869.8238945370383,11.303832165387435,-0.0009898764644830815,10.34568661474603,4.059945836340189,3.764166409998327,3.56987100345383,3.3867864327022192,3.056231408591782,4.073974755586914,4.127967278009608,0.1169505707982299,9.31137218917312,4.49714717041841,2.900316551493682,1.6623846062828411,0.9823687293746564,4.056570000000006,367.8777859455853,2.0146554547745024,2.00478320339206,2.160493827160494,0.0100814121945073,7.6205784231716285,1.836936361614843,3.952713474605576,0.03704,24.76287,24.54672,0.90914,0.2531477016931552,43.5789299437442,2.1920000000000006,4.230476736546681,6.281127079029633,2.151
38,CHEMBL3695645_0,68.28207009697995,127.88559538964093,1.2523613849029267,161.19364194402618,165.12373431722767,165.00443004829705,1674.5738484255303,9.857497087201276,-0.004984307781068,9.51516736037934,3.990274931890999,3.82974894206678,3.5336401948793745,3.314205138955081,3.0225730590687028,4.008951743703353,4.052146417240319,0.0796587861558753,8.297171611587048,3.609584424331852,2.376133146893067,1.5433385758348903,0.8376556466796055,4.532370000000003,381.3146897875703,2.6455913245758818,1.8143736543438924,2.3456790123456788,0.1135286928972409,6.506164120221673,1.9906811204922463,4.643125538960122,0.07407,18.3948,29.00239,1.07416,0.287429317977808,43.59468250184672,2.501,4.276666119016055,6.3508311777057,2.023
39,CHEMBL373646_0,80.68321371637586,174.7140010675273,1.1969543031613217,155.38709221123077,166.12289983109764,165.24685454842623,2502.7755028269225,12.475486090971684,0.0017710658776425,10.692288141433703,4.117918895849302,3.92719898064544,3.717485823048068,3.6522256213096855,3.19478268385995,4.124019721285927,4.157032265296042,0.2833624127345329,10.03543059475128,5.629869502151427,4.089506788568079,2.3139258844456245,1.3417419950047167,3.0723000000000047,422.5618375970478,0.8212176360796253,2.2073360442936467,2.048059964726631,-0.124283718637802,9.34990475344904,1.7241753800285544,5.59758140308465,0.01786,23.01909,26.02636,0.92951,0.2635542056126599,43.72993600728777,1.958,4.356708826689592,6.597763689610495,3.5010000000000003
40,CHEMBL3780350_0,69.63148066788592,134.64059774394303,1.5419553009689595,147.20530513007847,158.16702759092814,154.1947419608753,1163.861744769231,8.556147815824358,0.0005834920451375509,9.978252699131287,4.047469812010655,3.835859451914006,3.748571484137193,3.290926645752569,2.9324735919732885,4.067513640981659,4.101967010796752,0.0925659918912571,7.842234515180888,3.821332134150511,2.6085430488559207,1.7572354580258578,0.8987314314004998,5.549970000000003,387.2434389119119,3.271690444696397,5.458813958634,2.1466666666666665,0.0272075774754345,9.20054666960351,1.0150156420592928,1.7066265117157975,0.02,13.43913,27.86307,1.11452,0.2321947327858357,56.32287163900644,1.7880000000000005,4.400603020246817,6.714777141999654,5.918000000000002
41,CHEMBL212968_0,66.07224457273497,143.01532862784904,1.4474135772714063,156.24629040742363,161.72373178718888,160.46771400691532,1578.747921530665,9.823772716520118,0.0004535300834027287,10.44813439341925,4.141874670521091,3.9828080289012058,3.712186778519013,3.414461430487171,2.9768038539416524,4.156915526693221,4.18868846073298,0.1689895112521165,8.19526415888253,4.167863677645832,2.8833208547354454,1.8604276385804444,1.1029268001423114,5.6732800000000045,409.43627552034434,5.433062169312169,1.7477333711262282,2.6944444444444446,0.0357093253968252,10.267087670941851,2.92868206996093,6.19966652021486,0.05556,20.62855,30.45676,1.12803,0.3043944305685037,45.2342842195312,1.6850000000000005,4.51085950651685,7.053166992172531,5.012
42,CHEMBL4127417_0,45.65514257273502,107.43510404928185,1.1406082852482742,153.36707418523164,165.66892460342515,167.98387200316563,1107.0978376619444,7.329183781734198,6.826328277329537e-07,10.303825520788402,4.061145530043908,3.57830197246474,3.3009132399803267,2.8758578355216216,2.5995230878635294,4.092553067749101,4.121840503623247,0.1572250367823273,5.816644874115911,3.412495510289906,2.5694654432364223,1.8160074426814288,0.9306834702118107,1.953190000000001,181.47420344257145,3.21823223733938,2.029537037037037,2.1875,0.1997222222222222,7.196639653486394,1.8221123866213151,5.231849332325522,0.03125,11.2225,10.99097,0.68694,0.2758140128901905,28.117662360180365,0.978,3.7898553714539385,5.868369576510387,2.239
43,CHEMBL1922201_0,83.48661695516782,186.2829250074703,1.1442935993966803,159.13016927684518,169.55969936761582,165.7553687867987,2061.7119800655755,13.198933654358528,-0.0004386382995981529,10.39020060851282,4.0600678373362005,3.777010254238438,3.617048224993757,3.4136131599706947,3.0623681635944258,4.074187517929517,4.128088154494591,0.122062822156398,10.372324678868422,5.130161185736409,3.32325989257307,2.0746703629389067,1.0818876251218166,5.297670000000007,403.7646157810401,2.0374178004535146,2.072792845265338,2.091954022988506,-0.0267036722096246,9.600612216933929,1.8101533802864076,4.533731993124095,0.03448,29.85841,25.39721,0.87577,0.2350028843486128,49.10322024714182,1.924,4.273187854639731,6.2922922576750135,4.835000000000001
44,CHEMBL391656_0,92.50796209697984,205.74685796873533,1.5464585059586438,148.0051935330257,155.52339937545213,158.26687580113028,2161.815621921568,14.219615991497657,-0.0016712809119661,12.805014797672252,4.268616612656174,4.006595830807031,3.7647742619294977,3.4394323945077345,3.2359431406039088,4.050582841366076,4.064508897863168,0.4380684606038237,11.047426845740237,6.805367132704269,5.372134391271986,3.897330942454677,2.3989298983256178,4.557380000000005,556.6061276592811,-1.759915992460084,2.4128866685563115,2.1499402628434883,-0.1058113653455464,8.957023254766199,2.408064140608232,6.193289499084502,0.01613,23.51012,34.05722,1.09862,0.2528088005659244,53.94197359693245,1.526,4.513602992462601,6.5193316367288245,6.008
45,CHEMBL232601_0,85.91875319213086,187.7898873538292,1.5643777377927877,147.5840351034734,154.5350512912478,158.4127480981154,2107.635201,13.68509528949581,-0.0015766343401431,12.697687634417871,4.271076173021507,4.006747462100206,3.739985326069288,3.43024715282326,3.233075728602547,4.051041248169574,4.064874949784072,0.5477964135851571,10.650133632283955,6.486902319192276,5.123212929310659,3.668327637040969,2.307094828707992,4.238280000000004,485.92580089230864,-1.8865871470330249,2.3338480253212395,2.257982120051085,-0.0120613653455464,6.478697176180827,2.534735295181173,6.095698171243805,0.01724,23.51774,29.64979,1.02241,0.2658707110684465,49.5619439857531,1.537,4.427836170705175,6.476683859738189,5.123999999999998
46,CHEMBL207037_0,76.62470219213088,159.53182063309404,1.3784331150268485,157.18299767592106,160.9590597595769,163.75661273673344,2412.352937295151,11.501044026620816,-0.0013624743272941,10.718806273851566,4.040828936865975,3.971125416203428,3.733872449136513,3.4448341473519744,3.126171940333201,4.047313946510443,4.074766074775229,0.2474480940049419,9.380837914937144,5.287577830377352,3.435099250390201,2.329104495030017,1.3748503012158102,4.3128800000000025,435.62020268658273,0.427566484931188,1.9564496724615767,2.385483184333759,-0.0230624836022566,7.973996859922772,1.9348154327206173,6.483259796740343,0.06897,22.73466,30.89021,1.06518,0.3073484841547972,39.28450758536732,2.905,4.382026634673881,6.469056499564814,1.7029999999999998
47,CHEMBL1922199_0,76.13036533577184,163.95499764007417,1.1466891115446969,159.6870764838653,169.86348403555985,166.88566198329016,1878.127502909089,11.82230990636079,-0.00092368684516929,10.350899524296594,4.059982589180349,3.77700530454604,3.5699173644252613,3.3878469999454026,3.0578717227200096,4.074076782809918,4.127995434889642,0.122062822156398,9.461641076345462,4.6171797279859765,2.993484583675712,1.7377822420568598,1.011572554018829,4.661570000000006,367.8777859455853,2.027001133786848,2.06728320339206,2.123456790123457,0.0039085726883344,8.530486739262605,1.8286718988049255,3.95965791905002,0.03704,25.0557,24.25388,0.89829,0.2458124356398298,46.05027752831235,1.904,4.230476736546681,6.281127079029633,4.180000000000001
48,CHEMBL1922123_0,77.78497824062084,172.96392143413115,1.139197624078626,161.1043358299233,169.05901004342684,169.74322815588792,1963.8737077192984,11.991736949989283,-0.0011506598439684,10.384987272162702,4.060151849050772,3.764174062878752,3.620392276494426,3.4038837349158078,3.0566742527933046,4.0742004042541815,4.128155165847852,0.1169505707982299,9.65477162924779,4.724850964332068,3.10476583788488,1.7074896936259751,1.00255658347611,4.446670000000006,383.9461487202362,2.0163561350466117,2.0056165367253933,2.1517857142857144,-0.010751921138826,8.355607616421945,2.1441874178377605,4.417991252383353,0.03571,27.86522,25.34594,0.90521,0.2472856428176556,46.24407145431319,2.2190000000000003,4.273187854639731,6.2895126282396046,2.568
49,CHEMBL3786167_0,99.4723868600168,236.00136696147052,1.1553019512711231,158.9328311059526,166.09242672002665,165.83838515506235,2539.361918184202,15.524936015809004,-0.0004292125199196849,11.358282061213195,4.149700808469643,3.823586496096863,3.734780171992965,3.600845696941564,3.2582948846714155,4.166017482119805,4.198488708216392,0.5221345160296753,13.131472708185786,8.098541974077122,5.699374192863664,3.847780996423201,2.523589227583652,3.6985900000000074,694.6710176832199,1.907980759681997,1.9648377703545448,2.2252252252252256,-0.1766308693209788,10.41551079805585,2.0855294341234094,7.700066930429207,0.04054,37.70315,35.73727,0.96587,0.2542913523872928,50.13503546508674,3.467,4.572130331909891,6.935598411274192,1.8179999999999992
50,CHEMBL3669123_0,67.32801847758397,119.77894414564092,1.518924437386909,156.12321313966737,155.2325321000481,156.5762807128991,2407.511138756756,13.916686445763885,0.0035930351428567,12.811420046834517,4.199200669324826,3.8363565911634327,3.406063284975631,3.2683401524806666,2.966124701817654,3.916303248201757,3.923587024673962,0.2933178126457938,7.503060116593775,4.30943297133496,3.2244085258525725,2.043868059176664,1.0662627160327107,2.1817800000000003,207.4431482519531,-1.3231290971464031,2.0159635088603345,2.235449735449736,0.0675010366801041,3.817725187671618,1.9712772452945515,5.394491606827917,0.04762,16.83429,17.89825,0.8523,0.3301596941497149,35.893009022432466,1.853,3.881563797943437,5.508882135655386,0.929
51,CHEMBL190984_0,74.33837100182888,146.62849364879204,1.3256593697576828,159.81969940214802,165.95917308155217,162.6073636171072,2301.248497404256,11.112214893352215,0.0010813869201382,9.913148211867446,3.988775793713911,3.9356825828655215,3.6367559041541,3.4212707673898604,3.0303194146868444,3.9926528125277647,4.029819913098021,0.0835691691185879,8.664582224227269,3.888819535618482,2.5702238037938328,1.5997489991186329,0.9062135066870944,5.157680000000004,367.6027851554412,0.8360966864680679,2.1473049799282364,2.01329534662868,0.0249881557498131,9.329977439525496,0.9410188398940504,1.6813059807256234,0.05769,17.73201,26.19577,1.00753,0.2631559730990851,46.45070664828629,2.805,4.241326752570746,6.192490293168572,2.458
52,CHEMBL383246_0,100.3480699551678,244.3425241155844,1.117082620265946,159.08981798907053,166.08453513020928,167.72486519637508,3189.3071344386744,16.07977393991246,0.00018661129166025304,12.11417453412605,4.040433057578506,3.970710637816554,3.780126978419749,3.4838040596979227,3.293760029068236,4.046093748526661,4.073261826842817,0.2004772155150947,12.316492801977502,7.486442345769634,5.077790738235795,3.309207915126513,2.290259791800578,5.555880000000006,584.5547642356856,0.4092429177999706,1.9533219429747208,2.2619170096021946,-0.1715218304760822,11.444033142059608,1.9911699207005693,6.719796845018776,0.05556,38.90384,38.30935,1.06415,0.2653325031469936,45.56928108894296,3.607,4.51085950651685,6.533607135379923,2.9170000000000003
53,CHEMBL177688_0,69.64883628728194,133.03831503988604,1.4257741874900969,154.95556068718008,162.31445764845262,160.72204438543113,2164.2256509767453,10.236658748047674,0.0003978726249160522,9.886437960453812,3.988764402003094,3.9356446175790056,3.6352071571871054,3.356612650071652,2.9714638107011617,3.992620102012706,4.029715530990709,0.0835691691185879,8.270155033227352,3.6646931195485903,2.458160595758886,1.5649864211749236,0.8405237123167123,4.978480000000003,344.6607355117278,0.8252498500483147,2.129855396544587,2.153827160493827,0.0433962033887629,7.290780248037773,1.3321417143404413,2.8673393927684594,0.06,16.34519,24.78294,0.99132,0.2886823688004434,43.96542980462787,2.4610000000000003,4.212127597878484,6.186337216455162,2.683
54,CHEMBL3695636_0,56.48161047758403,100.80285567048996,1.2879846624665454,164.9636348550589,169.33675426480906,166.3526248706435,1360.0961989743585,7.62564732698544,-0.0036409127872402,9.248117304082808,3.991175063255142,3.824888258558935,3.5310121815155,3.3019385498600258,2.8177058950735225,4.009806665470936,4.056506516856119,0.0729888005147984,7.091403683551827,2.9554854424745844,1.9615992183351405,1.1569032721276231,0.621688605849164,3.6538600000000026,290.5279918144492,1.6839546664603553,1.8257625432327813,2.347826086956522,0.1514567979969765,5.1642027284112535,1.9767830262270196,4.537790920014114,0.04348,13.8665,23.33869,1.01473,0.2945236579433187,36.24099941929459,2.2850000000000006,4.170533700579648,6.177619891371626,0.8119999999999998
55,CHEMBL2338334_0,62.921049192131015,137.17961800448995,1.3569173754748312,154.43262127973634,157.89744813717476,161.6108654550165,1361.4458615121955,9.429614158997124,-2.098630369554132e-05,10.476055291235102,3.8636872370442776,3.7642877495388745,3.632486598676883,3.108702794439953,2.7435102242053606,3.9140562552317752,3.946246814541646,0.1188192831645323,7.464383682848184,3.8511711943108655,2.839788352162868,1.9311263051545704,1.1028363593403938,2.0506900000000017,260.29780881411506,2.1843055555555555,1.9762148841017888,2.159090909090909,-0.0390539965986395,7.149483422699734,1.449623960695389,5.729274376417233,0.0,15.83855,19.54982,0.88863,0.2542701747691425,39.22069794289129,1.786,4.007333185232471,5.394763264816289,2.7100000000000004
56,CHEMBL379905_0,81.83525781152687,173.70746803939613,1.260135551310292,160.30530274001694,164.44865295866052,163.8811910379912,2704.43667389624,12.816561839691424,0.0005951853926691549,10.784807116071525,4.0400061756757975,3.970023188851989,3.638473087395125,3.440203264427687,3.077772276042218,4.045007401533229,4.072004460141271,0.1152515045779522,9.7424700027454,5.13885268461489,3.407719536063609,2.199288110048937,1.2482079769612944,4.327880000000004,460.4258442492181,0.4046405739965264,1.876848859914336,2.4251294305057747,-0.0398153653104951,8.37888853823407,2.144537843317188,6.547168763277932,0.06452,26.49976,35.22009,1.13613,0.3011582198878397,40.51053027416496,3.131,4.382026634673881,6.461272844777747,1.7979999999999998
57,CHEMBL3695635_0,61.29402338243303,113.13374865048992,1.3080839124641424,160.5922189757792,166.3548643524085,164.9901877221595,1404.5542558048774,8.425754185716876,-0.0038425016871569,9.264913241006614,3.988635177179323,3.785813382429569,3.5320261600470944,3.3118150397440043,2.8986782983111907,4.006983789723762,4.051585335918558,0.0802636617331936,7.521540357241495,3.1532370573321,2.0216082751784663,1.3262588728652858,0.6911435619595637,3.9381900000000014,316.60852707918593,2.6439529178425696,1.9547879997936888,2.319444444444444,0.1378956443688586,6.026131291856664,1.976440597999976,4.565273510683518,0.04167,15.13261,24.3427,1.01428,0.2839342875754633,41.91984572305576,2.3910000000000005,4.204692619390966,6.232140994964494,2.127
58,CHEMBL455641_0,70.42872662122494,148.7311173875272,1.1544735856071655,161.96816634382049,172.17224522911624,164.0896496499663,1774.204770705881,10.613932644153918,-0.0009967394606484365,10.308995317095103,4.059794559110815,3.764772695188467,3.533932292619253,3.366061647832897,3.035516778831072,4.073817253127197,4.127818936449167,0.1169505707982299,8.866965753383697,4.233485577320557,2.62804365236638,1.6026888818624745,0.9594576274569496,3.6680700000000055,351.54478091613873,2.0135997732426305,1.954505425614282,2.173076923076923,0.0297419060216678,7.124397468623178,1.4711142308035343,3.4676296481755955,0.03846,22.17076,23.83286,0.91665,0.2594894531575671,41.194555670991015,2.172,4.200954297280359,6.272670617324849,1.691
59,CHEMBL213423_0,62.39411876303701,126.77278600694292,1.4489428047139865,156.27974352316355,162.06893174018336,161.17505594626456,1441.3219182835478,9.074134596024663,0.00023646457565404,10.26524871565196,4.139665782598961,3.9785580468779727,3.7068104189473514,3.3310787346975963,2.971349162442068,4.154861074352351,4.186301799798543,0.1632655559269764,7.888639831856595,4.03980999062168,2.783328190056249,1.7952736606141266,1.0482958301049856,5.499180000000004,390.6439043129199,5.407923989040061,1.742525037792895,2.7243589743589736,0.0513343253968252,9.491720885983998,2.927055960380275,6.149246410022023,0.05769,17.92349,29.38074,1.13003,0.3135597835346695,43.52703674351397,1.6580000000000004,4.477336814478207,7.026551689889222,4.617
60,CHEMBL1288067_0,68.29612738243296,122.86297839454689,1.3977074710257833,154.63641638466123,159.27340112293055,159.81324054359914,1918.3291539000008,11.819838279198978,-0.000302537858085856,12.036062343753294,4.280860915699486,3.823213146505885,3.743610264086103,3.410360696125182,2.7508033420856077,4.029196578439039,4.058172342379374,0.1797100919336199,8.020550449056914,4.337485190481243,3.071714585852256,1.81517937909366,1.0817215914926577,4.892870000000004,287.00757382257984,-1.1943056759117168,2.2476930639105963,2.180354267310789,0.1208687530179579,6.408798357218677,1.842453824059865,5.292610885403545,0.04348,14.54555,22.66943,0.98563,0.2952101181114335,35.44424340253475,1.4300000000000002,4.189654742026425,6.008429205097671,2.709
61,CHEMBL383541_0,79.40938790667786,163.0252619410371,1.2974211503581303,150.3476863193028,159.77140212192828,160.52865689127506,1636.4274292799987,11.474848949659686,0.0015707501416028,9.874873321697168,4.041162967364528,3.850083769207549,3.7297337936690766,3.432522341762418,3.1161102332869635,4.077835433537861,4.108429160743194,0.1436074306765974,9.24307975880748,4.529743477254283,3.1178394730464385,2.0520727157001177,1.0668326736760432,4.209570000000005,460.7543673253144,3.284404546027897,2.108402965763886,2.083333333333333,-0.1573030045351475,10.15876871098073,1.4349786143923955,2.379739229024944,0.01786,18.75741,27.97732,0.99919,0.2392527030101009,49.70283276392381,1.867,4.37260741275739,6.166566091813084,4.215
62,CHEMBL188386_0,73.32696209697988,142.0598438992821,1.3683409219734497,154.88554593835434,163.84509632943252,161.47942351135154,2281.2676813260864,10.992759693075657,0.0006270084744122356,9.90241018046325,3.988769815578218,3.935663144972623,3.6360608316346017,3.402613524561625,3.039044292481041,3.992662852008832,4.0297744996611,0.0835691691185879,8.770155033227352,3.9146931195485903,2.6159070531296678,1.6438596498603135,0.8949997992253994,5.368580000000003,370.1056363010324,0.8267230581360161,2.1350368024402786,2.128679962013295,0.0354623190912422,7.902905769894346,1.2789021893015118,2.844094002737714,0.05769,17.96846,25.22699,0.97027,0.2801305837437544,45.08276698977862,2.4610000000000003,4.22683374526818,6.18839245160378,2.612
63,CHEMBL281948_0,91.48319100182886,258.4306963664905,1.5521336151230036,150.17004429714106,153.47320240635017,154.55774888552887,1882.4238101249985,12.745470904714542,0.001121047102078,13.306106356578404,4.320442736926965,3.967935668300862,3.786213605533776,3.632864083645075,3.174857191129798,4.3299505465732775,4.3504111750311445,0.6596326447162973,11.683895808657072,8.356668794768495,6.890725661848466,5.342374619726225,4.013776849100876,3.4984900000000048,969.2900160422936,1.9606906651549507,2.018518754724112,2.295238095238095,-0.5718300028344672,7.96613461536034,3.176975584215167,6.217487245874015,0.0,35.19961,43.0461,1.22989,0.251401115824036,58.18998436542043,2.45,4.820281565605037,7.949609808831473,3.2190000000000016
64,CHEMBL3780151_0,68.22710385818795,131.02741914524495,1.6029151902767236,149.36415374631432,157.8810765159257,158.80830216792228,1830.0264700967712,8.857974343532431,0.0020674189804466,10.12248731614423,4.055067387088895,3.9838952968998087,3.771371354088097,3.353699820422263,2.971460022193066,4.068026516789676,4.102159355647939,0.1131859930942619,7.966088886529858,4.012841617744713,2.6938949216710664,1.7890206918177385,0.947301162849132,5.942670000000002,382.1521771830303,0.4597213320584234,1.9972708200427125,2.24716049382716,0.0419799063887099,9.267191774378263,1.8218446080065944,5.474536153991768,0.06,14.41319,27.57428,1.10297,0.2893072302494169,55.45646263444701,1.743,4.400603020246817,6.696185121829059,5.138999999999999
65,CHEMBL215652_0,66.97063366788596,136.48729357079205,1.5485763699578892,153.61603044093212,157.35106337480278,157.34013830651637,2005.3776095962685,9.521474382080768,-0.00011278583500184796,10.71164894798194,4.157809085652742,4.025977607081633,3.747202185418214,3.333432641018592,3.025817616035649,4.152976139447966,4.184796866018507,0.1776238886780156,8.160955401694542,4.273685284823693,3.017546230179266,1.901962403491122,1.1292256166935404,5.874380000000003,370.2401475430952,0.5188954553449368,1.965274785840262,2.2604938271604933,-0.0012222939587358,8.736611757775615,1.8907905282815092,5.436823450746507,0.04,17.58691,26.40532,1.05621,0.3115842093216385,39.79926534975816,1.695,4.442651256490317,6.98525147782176,4.795
66,CHEMBL3947134_0,57.383933048490015,104.311329469396,1.716059082279551,151.63954338368822,154.1610964678441,156.3148092787912,1441.6158962999998,8.870027748326667,-0.0032406927900646,11.903211567696111,4.309298417717828,3.7913827513529257,3.452456230473802,3.234858441816832,2.815130905027932,4.030466410243856,4.042846275018007,0.2165072703068932,6.752341124236631,3.9210939912649456,2.8999370628798924,1.926603531370858,1.1614304305774787,4.099560000000003,234.2979446033579,-1.419774423658352,2.3230659486016627,2.2657407407407404,0.0319918299109767,4.255541495312631,2.0679225718065,3.4844916855631145,0.025,11.08813,19.97574,0.99879,0.3256761047239821,38.14037355528274,1.5649999999999995,4.09016919081162,6.191435423890517,2.119
67,CHEMBL378963_0,89.29497500182887,194.1282767361883,1.382969779146102,148.65315487604454,159.15941569704057,159.90645300637595,2387.464942923077,12.64142866662882,0.0015228141838305,11.011201197993,4.103194275543555,4.040966809969925,3.8906511051757047,3.4780693641678697,3.281219081398301,4.084329777489616,4.1090406643595765,0.2107605155797705,10.48077617758562,5.687843555671841,4.018763619165642,2.771331948423815,1.5375870312791566,5.8527800000000045,567.8340915732064,0.6564343744072884,2.18644655689028,2.0219036240541617,-0.2219061091514795,11.241444326148788,1.4368798594583234,2.543735390246633,0.03226,22.56679,33.20723,1.0712,0.2512773344313639,58.57490997439792,1.902,4.5976419195673,6.865777017284227,5.007000000000001
68,CHEMBL1288039_0,64.24910157273501,110.09755248454697,1.3553035860138256,154.81746812792852,162.22386939019626,162.19768540014567,1844.9661250526324,10.827162776655388,-0.0025607865403023,11.84837499250844,4.278699585995534,3.822990612194525,3.716673247826446,3.410299194107201,2.6951411863167483,4.011098494298569,4.0478687851139945,0.1564328573476344,7.71956057756541,4.079201430383585,2.862850019863108,1.6386822832718977,0.9625126095485124,3.3777700000000017,287.00757382257984,-1.3190278981339387,2.1622471077503542,2.3180354267310785,0.1655287096272671,4.120163023726978,1.9671760462820869,5.244907197446881,0.06522,13.94593,23.26905,1.0117,0.3207101431704514,34.90448087178367,1.446,4.189654742026425,6.008429205097671,2.234
69,CHEMBL376967_0,90.20291833577184,197.5537291776413,1.229896605417454,161.6584293501057,165.53708158859567,162.650646567921,2955.046986347496,14.352357784794672,0.0010393113583084,10.850560255798166,4.040136326228394,3.970188452867516,3.645160711205463,3.434360684749821,3.291688983011316,4.045312522098048,4.0723862385083125,0.1152515045779522,10.794317683946124,5.701429246952184,3.5812059354168446,2.4838188309889797,1.5570920454957775,4.633180000000005,495.47544458027096,0.408986042344335,1.9274611048122952,2.338757949869061,-0.0990031102355237,10.228519349891853,2.057124766975541,6.632455645892487,0.06061,31.22158,36.75872,1.1139,0.2801710792916112,43.4668116546167,3.56,4.418840607796598,6.482916201690776,2.264
70,CHEMBL207544_0,90.56498790667786,197.3126210461883,1.3835753175711496,148.00653425603204,157.3344995775001,158.78794389629496,1714.8618719999988,12.417034824994376,0.00182143868689,10.8473293765633,4.058480881864164,4.040763228645218,3.8137104968466367,3.451115963257369,3.2181994525088085,4.0869788621907945,4.1094470855906415,0.1989486091178067,10.45250460266659,5.57199546184509,3.955622881986473,2.717763102939351,1.5124397893673225,4.759480000000004,579.8655129961669,3.2891699306321924,5.707756824305727,2.1197916666666665,-0.2175354308390025,11.473949789974816,1.4878379355900109,2.5014668367346937,0.01563,22.45149,36.0331,1.12603,0.2274741503805265,56.995539536196176,1.959,4.627420794922911,6.946870818335618,5.037
71,CHEMBL608533_0,118.3627031454698,323.9820141004336,1.4945862645309314,151.40538782190657,155.3571018781943,156.07177426145086,2427.5565851232886,16.90199495363303,0.0008635172087496766,13.521135438831312,4.316048916498759,3.969848049696549,3.839806660074829,3.729433366156928,3.3866173620611306,4.325702746317208,4.346401495331314,0.5691729352115698,14.758273379389474,10.03557929145875,8.327087425749614,6.452703347090119,4.656455436765128,5.750190000000007,1348.5892113742216,1.825855431678844,2.1306465471991265,2.1259689922480622,-0.7379484363189721,13.156369297415758,2.229914021164021,6.882904976550356,0.0,46.788,55.92549,1.30059,0.2259918950434877,78.80366036477139,2.8680000000000003,4.966335035199676,7.967594254398702,6.707000000000001
72,CHEMBL208118_0,77.51392800182887,164.88616801824512,1.2593640873431058,158.97522166970674,164.13836390534064,163.97173953151577,2524.881072535286,11.977211826140822,0.0008689894655021362,10.767628816964132,4.039965235690283,3.969962089630615,3.616325283509748,3.433713982099737,3.076900661889495,4.044930059597904,4.07195335291512,0.1152515045779522,9.21464855641249,5.026749863571814,3.0672145337370957,1.992367869275124,1.214359561662541,4.701380000000003,420.43048643564646,0.4155815210038144,1.8935722159234063,2.4199659429544487,-0.0274696862981498,8.545770348346577,2.072176732206078,6.486457077222839,0.06897,24.13352,32.24226,1.1118,0.3025855171490767,38.69916183626909,2.905,4.356708826689592,6.455002003142929,2.411
73,CHEMBL3695644_0,68.26852738243295,125.61196014648996,1.3673679332639133,159.50333376190272,164.42672992263644,164.76116710514847,2183.263220790697,9.87410677570367,-0.0027685329416289,9.591951792996186,4.0132705297161975,3.957491182380212,3.543272377987475,3.3761473369686588,3.0393748064972503,4.008738823045936,4.052040480306091,0.0971150949188945,8.257728949548802,3.705303852159045,2.498358174773448,1.480235116892712,0.8465049107162536,5.177170000000002,355.57778542613545,0.6807490221602085,2.036196356675854,2.2761158594491926,0.1057331088651331,6.483879551971022,1.9720331160476312,4.62387946994299,0.07692,17.39329,27.43391,1.05515,0.3098225058981688,41.22289138180942,2.3160000000000003,4.262679877041316,6.314849282635067,2.563
74,CHEMBL574737_0,97.06195152607384,277.3201054264336,1.4730760631901114,152.78753847167275,156.18416039053565,157.18841184447314,2118.907129419353,14.13368954984942,-0.0004756307790723477,13.48628976778877,4.317379547612289,3.969886373008085,3.7534534455645696,3.628846688946455,3.2177307325396463,4.326489398239472,4.346718275271665,0.560038345795257,12.381563860982537,8.646889907040764,7.378615045881903,5.750553937354122,4.233124579794032,3.686690000000005,970.1642225882676,2.252820294784581,2.089929846938776,2.1504629629629624,-0.6574550028344672,9.643842651166263,2.418611163601243,6.372497406401853,0.0,38.81638,42.33704,1.17603,0.2444205159589986,58.11600672536781,3.109,4.804021044733257,7.952823936134781,3.3979999999999984
75,CHEMBL3785500_0,97.3089338600168,230.7733667371685,1.2830230313572804,154.94505263702965,161.4663863110546,157.95460325659442,2268.9411359104474,15.139257995053413,-0.0009305002203810576,11.387104156824885,4.142811380294949,3.829394347306215,3.763993628116356,3.699741237304857,3.223758057323778,4.162021071790761,4.195301696306083,0.9296704791112144,12.902040615005694,8.615420589208684,6.1402677860796535,4.355793524135132,2.6492413179442718,6.394770000000007,618.760631076606,2.3401209489764687,2.235788572373394,1.9044117647058825,-0.3003844336341006,11.830370974405634,1.3275971252926893,2.770087650336984,0.02941,34.86903,27.77883,0.81702,0.2303231718673173,54.41655047458387,2.403,4.529907701487544,6.872176675288786,3.518
76,CHEMBL207687_0,77.51392800182887,164.88616801824512,1.2593640873431058,158.97522166970674,164.13836390534064,163.97173953151577,2524.881072535286,11.977211826140822,0.0008689894655021362,10.767628816964132,4.039965235690283,3.969962089630615,3.616325283509748,3.433713982099737,3.076900661889495,4.044930059597904,4.07195335291512,0.1152515045779522,9.21464855641249,5.026749863571814,3.0672145337370957,1.992367869275124,1.214359561662541,4.701380000000003,420.43048643564646,0.4155815210038144,1.8935722159234063,2.4199659429544487,-0.0274696862981498,8.545770348346577,2.072176732206078,6.486457077222839,0.06897,24.13352,32.24226,1.1118,0.3025855171490767,38.69916183626909,2.905,4.356708826689592,6.455002003142929,2.411
77,CHEMBL31965_0,91.09118362122484,187.86408243713123,1.2944477628511573,157.8903610692725,161.9916230776368,161.80797153149368,2851.8604235835965,14.111643596129683,-0.0004493038641404735,10.723765336703345,4.037363824188605,3.970944610098466,3.6136796767573904,3.559877948341204,3.294821081487429,4.042700553287051,4.070395877154603,0.1432116411882943,11.282155148462063,5.631874329987907,3.7705814711093617,2.575235181794523,1.4022807736761569,5.923060000000006,573.8965716979199,0.3972985941920517,3.5322892285091543,2.3189905591866373,-0.2317493773412331,10.207959644865744,2.01030092657663,5.693196361976646,0.07353,28.26993,37.15982,1.09294,0.286812148388108,46.75339810975217,3.089,4.442651256490317,6.500914224694042,3.0380000000000007
78,CHEMBL3695628_0,63.07151447758402,122.71971602733888,1.3334328567511258,156.26998505869196,164.4893458419125,162.9586409693828,1398.4767910243904,8.589522355990244,-0.0029722763685859,9.99855313056015,4.045161818583812,3.824371343509899,3.52736335982971,3.353971155499252,2.971134568628613,4.064756010312719,4.09902319429987,0.0757665782925762,7.654542417499245,3.428587013959456,2.259291650721257,1.4781755468743318,0.8152004580480526,2.985780000000002,335.96037537925315,2.6262568034567564,1.80464508623825,2.513333333333333,0.0858927390400604,5.408967671326266,2.1785683754471914,4.5962454315591454,0.02,15.82816,27.16085,1.08643,0.2910060440479075,43.3476462222012,1.9340000000000008,4.30406509320417,6.666439801305962,1.788
79,CHEMBL2036343_0,65.109084667886,120.1364891490939,1.6855351678182318,145.91951689364367,152.80062117513828,152.2783258679591,1667.065098171428,10.728398127360167,0.000732549155542685,11.164417168676398,3.986882849016848,3.7685995984261136,3.713098912723827,3.288080254324328,2.712132841761248,3.9077998761194506,3.929510935618072,0.1483271131757808,7.838943916550513,4.148455710593498,3.0731552787725684,2.262683780831542,1.1864409028871092,3.127970000000002,252.2176509157528,-0.9306716112370874,1.9498233182161755,2.1419753086419755,0.1422569986697872,6.120591851407638,1.5788197593852356,5.576172524565381,0.0,14.29676,18.01644,0.85793,0.283125111856957,44.15398939992649,1.298,4.02535169073515,5.61267179791563,3.629
80,CHEMBL3695637_0,59.50504657273502,108.27179941733893,1.3420552798924177,159.18992064341666,166.07467667816712,165.17279464187453,1386.9147361316534,8.315754829118971,-0.0033964270293439,9.27522349413108,3.989372766821262,3.804977240932185,3.5324513454469857,3.3111126751863478,2.875693251560878,4.008087028240812,4.051956193019462,0.0723767025428325,7.350725374177114,3.1023617463107227,2.0297485587575643,1.310793997619739,0.6717403528380859,4.654270000000002,316.60852707918593,2.619355794468078,1.720799655491214,2.5277777777777777,0.1413331443688585,6.668134045443874,2.0019435565798576,4.931909992394057,0.0625,14.3751,25.10021,1.04584,0.3082316409523336,42.27250473349623,2.1100000000000008,4.204692619390966,6.232140994964494,2.87
81,CHEMBL379601_0,73.83580219213088,152.75246837969806,1.3872606890044143,159.3682689649826,160.97925382719728,165.49600496638976,2400.90953035506,11.240379465226985,0.00042566004703746335,10.728329420242549,4.039801970867162,3.969745445939461,3.566579490384892,3.417620971916099,3.0767958558786663,4.044589471039823,4.071604242269335,0.1152515045779522,8.760205419491001,4.400102629609788,3.057106271580284,1.9312147080046536,1.1750016773361267,4.3128800000000025,403.09072303198417,0.4182958354168469,1.88690554925674,2.440917107583774,-0.0070615230328436,8.026847559208361,2.0768063618357075,6.443413000087853,0.07143,21.50526,31.23662,1.11559,0.3118251650751159,39.09588277136869,2.885,4.330733340286331,6.445521387000762,1.885
82,CHEMBL1922120_0,77.78497824062084,167.7119806686212,1.1534934741312883,161.05221016916707,169.7527706409922,166.85921262763412,1963.8737077192984,11.991736949989289,-0.0006781439509142517,10.365336737228764,4.05998361185269,3.764168164833476,3.588484963964343,3.3975424937155587,3.0567056626776257,4.074024198755466,4.128009332017675,0.1169505707982299,9.8493769916339,4.797572486451225,3.0913909863948024,1.8661458664678665,1.0241578712538697,4.446670000000006,385.9964110961738,2.0224679547745024,2.0089154347970184,2.136904761904762,-0.0052247102544722,8.090239420497284,1.786010435688917,4.258269030161132,0.03571,26.79689,25.04527,0.89447,0.2472856428176556,44.88100432664957,2.1920000000000006,4.244917420701475,6.286725250923157,2.5089999999999995
83,CHEMBL1922122_0,85.14122986001682,198.0670848978294,1.1502500760721313,160.46754304819308,169.47891184841978,165.82511379278296,2148.1621510793643,13.36270215880173,-0.0003886786153643785,10.420824660387389,4.060092755714034,3.764177261566823,3.6583001310271857,3.430994749662805,3.056754146006301,4.074164368210054,4.128122427120327,0.1169505707982299,10.522697054578307,5.183261041508061,3.34435214522253,2.1036701972511183,1.075538228437148,5.082770000000007,421.1733770135112,2.0263742047745024,2.0109815504994977,2.1194444444444445,-0.0358369551524313,9.408797838614475,1.8716585838370656,4.7860468079389085,0.03333,32.86025,26.41229,0.88041,0.2368060787887118,49.56519506917057,2.2390000000000003,4.314149212270796,6.297828444359064,3.201
84,CHEMBL106966_0,80.32689590667786,175.47640131649027,1.240290906535082,159.7055204234335,164.39754879918948,160.46230285231186,1837.3526528679251,11.458478635377707,0.0001657644614254402,10.557354078752322,4.018975304547884,3.843063342863923,3.650900456186536,3.431244952955991,3.0679264121204297,4.039028259030213,4.065696584851787,0.1376433786970335,9.80427959236026,5.251306436226198,3.57343022812097,2.5148247721041384,1.4052685358908892,4.378850000000004,495.7440428503864,1.7655717487612328,2.063587103157275,2.333333333333333,0.0113640085663894,7.61270619701476,1.8302695992946707,5.606817552335751,0.04839,23.61994,33.98905,1.09642,0.2704374782963042,49.16938436276229,2.3850000000000007,4.406719247264253,6.477164652093236,1.8490000000000004
85,CHEMBL3695655_0,61.93722738243302,112.21791939648992,1.3110082477321174,162.17653311977887,164.9963193327203,166.50756694108787,1468.794728976191,8.534359749352971,-0.0024619601318944,9.274100819309052,3.988844484440152,3.786849594915464,3.531763853542369,3.3123826564619163,2.9457584100557463,4.007232775821469,4.0514565163158505,0.0675311921991756,7.63391279293729,3.2036222625317965,2.071510900195185,1.305612835597752,0.7116782975634851,3.918770000000002,336.643117063355,2.6398420972057752,1.8176606913809292,2.3666666666666667,0.1381502739984882,5.604897150239029,1.9852814807269723,4.581162690046723,0.06,15.46741,26.16668,1.04667,0.2958385240384832,40.73123741992602,2.6490000000000005,4.219507705176107,6.264766373919434,1.5709999999999995
86,CHEMBL571040_0,94.52328762122484,195.7687372452823,1.3495213181301438,157.14431146568242,162.4577115561686,160.69118756783337,2924.1851150568505,14.505356928099998,0.0025053572952574,10.788873144208582,4.0404929822107984,3.970825795520594,3.7675292163086014,3.4924394828441927,3.313400439475656,4.044333578190734,4.0720925338380525,0.220200439888396,11.658109094228893,6.04928842163214,4.174378068473572,2.5823332641668597,1.5236322350372122,5.838160000000007,604.8717451608088,0.3679379006861668,3.528925533842301,2.4401577503429355,-0.1702418738768847,8.93797502689404,1.999473119890237,6.686539540239036,0.06944,31.32526,42.87298,1.19092,0.2889886753273095,45.55014964462799,3.4190000000000005,4.51085950651685,6.545529241909833,2.9600000000000004
87,CHEMBL4089284_0,106.0728160503188,246.55306740673564,1.269679527092296,155.61152126774104,163.01446973658483,155.64408166374096,2417.633564699998,15.83217096906344,0.0001375219059012446,12.413628637220484,3.9953640388653846,3.839818159976746,3.7596017071513,3.6527612599137496,3.4024898462064166,4.019861646340006,4.037680830451791,0.2484206251398709,12.832396919904577,7.176389369949334,4.792310656625937,3.4767962353112605,1.9251111294424288,4.363070000000007,620.7600461738832,1.6594872605338526,1.8897059130975211,2.3547008547008548,-0.0612350155351294,10.785744458973408,2.7290760432242,6.110095964570077,0.02564,34.6603,47.05925,1.20665,0.2409133280940146,72.48204122204332,3.140000000000001,4.61015772749913,6.569569074356588,4.654
88,CHEMBL1288098_0,67.40690157273497,118.02808141939592,1.3927745448190498,151.42139618977777,159.75988776038415,160.5559630917113,1809.8869503157896,11.247409076655396,-8.614068550329665e-05,12.00843728759476,4.272267378019118,3.8227123570540464,3.653566825395681,3.4102202012227663,2.7240117407911764,3.989991765740288,4.007412805694897,0.1439201818969205,7.90667018689029,4.195782560683155,2.957984743604751,1.7431217080439567,0.9895924054395132,4.5441800000000026,294.73725707009146,-1.2343056759117166,2.219915286132818,2.223832528180354,0.1399659752401801,5.8376381554710814,1.8824538240598647,5.276985885403545,0.04348,13.83821,22.93225,0.99705,0.3011011984207445,39.221457080172925,1.444,4.178226046202803,5.9768266844238696,2.583
89,CHEMBL4125742_0,44.643733667886025,102.70891454388588,1.1407786042337815,152.16072319340512,164.0351519236657,168.56239883204628,1100.272313429098,7.226238640339198,-0.00016350765163924483,10.247324902673194,4.061107810551003,3.5677864471701923,3.293169959917928,2.8438581231135838,2.5413189718637827,4.092439725583345,4.120985417091308,0.1506034275074152,5.686888362118991,3.336919874773589,2.460778348230121,1.692055320949641,0.8742073208269847,2.3801900000000016,181.47420344257145,3.205193688586545,2.0139814814814816,2.25,0.0762708648274124,6.767880641770597,1.8329542233560088,5.222782974300831,0.03125,11.12181,11.09166,0.69323,0.29304439070826,28.447988490081503,0.7650000000000001,3.7898553714539385,5.868369576510387,2.435
90,CHEMBL3695654_0,66.98975257273496,130.748887121641,1.3223514823615572,163.94178179085654,168.76370634298362,174.42745175224766,1713.316071547037,9.78007555449,-0.0024868390819368,9.659226127573,3.993475832814047,3.891905972950357,3.5390232904646783,3.423200359386834,3.1277308546991502,4.012059598036054,4.0544098114826745,0.08407319233915,8.56710439269121,3.765430188165445,2.483424844046868,1.6314802470354788,0.8927876017587736,4.891070000000003,437.9547361016472,2.508540826607656,1.5629763891578463,3.075,0.1509791902872259,7.311742104809355,5.974065692783052,5.063597445152938,0.03333,21.9086,36.11401,1.2038,0.3362585879416641,46.328595818069786,2.386,4.394449154672439,6.462200330138711,3.2620000000000005
91,CHEMBL323336_0,85.63049590667787,178.25194999649025,1.2545183191792384,159.79607729889554,163.97325970878478,160.17309624522443,6894.896688980769,14.785550423237291,1.0455874911961968e-05,10.55897337723839,6.879644430381131,4.018955441941066,3.7549482355281834,3.614291607143679,3.174013318774663,4.039020425997304,4.065681959152819,0.1783089623671427,10.312653300672247,5.610193995393926,3.742888130891632,2.740423437561614,1.5074476047781769,5.269670000000004,471.72884196037694,1.837379233329134,2.087082128580977,2.163271604938272,0.0033769409202309,8.350241623852842,1.7332717723861295,5.616896641841923,0.06667,24.73912,30.54063,1.01802,0.2870019844866915,52.12291850767338,2.2100000000000004,4.3694478524670215,6.396095974467569,2.935000000000001
92,CHEMBL3398596_0,108.12608624062082,236.41154062182943,1.2235469708371196,154.16130343875662,163.04256866887607,162.26649546027917,3520.4128974461505,18.53110914643624,0.0005725929005839922,11.201353028928162,4.2600341651672124,3.988599336602306,3.797360195476908,3.731677166995398,3.366912271684301,4.003415720936669,4.016546517372115,0.3004219199469499,13.402556956363645,8.109442602461726,5.71750217716793,3.4791883105259918,2.147902206533443,5.792770000000007,601.2984644918959,-0.8980464819319041,2.390007549681765,2.1433470507544583,-0.0895667117186772,9.562755906637918,1.6774260821312834,5.96565819471207,0.04167,32.72539,35.53635,0.98712,0.2663150746832224,63.58096318034288,2.9060000000000006,4.513602992462601,6.192554188890776,3.4520000000000004
93,CHEMBL233794_0,100.54975719213084,228.0174314884332,1.5963008392644522,145.98903138697094,155.5276068316446,156.25154726690573,2725.3220289807687,16.970632981467737,-0.0017158246060971,14.141269516953482,4.742558561283154,4.231350878845441,4.0056436846699865,3.625137204107998,3.289644064878705,4.0877886064195,4.074822518076582,0.4331139249583034,11.607287675399414,7.343753158022371,5.802902119040695,4.169692646287471,2.554799868328913,5.204470000000003,588.3841343616621,-2.1741606069725554,2.2742234872344,2.377946127946128,-0.0931765739552223,7.332328420981893,5.880299785771816,6.506866319355567,0.01515,25.74109,40.33145,1.22217,0.274613931595034,64.55898034497137,1.1350000000000002,4.637153231841142,6.651087260059525,6.786
94,CHEMBL551064_0,91.20915243092284,200.10424021867823,1.290263836822022,154.0216275438038,161.04730057233223,159.5893033148053,1946.0815387118664,13.467944039076867,-0.0019152904120107,11.376390431122758,4.14315217861627,3.815483900482068,3.7631698550816464,3.707016936405573,3.2035575836319325,4.162373828262308,4.195961868020891,0.5826062312074807,11.383017283053393,6.920795230157577,4.565328752254006,3.360805220513871,2.053014735728352,6.296270000000005,560.8452795149959,2.315964007516587,2.211318263416478,1.9635416666666667,-0.1974552238717242,11.927553237050338,1.1407654000407426,2.56748183258756,0.03125,26.25089,31.35138,0.97973,0.2305916111958358,56.56553124842993,2.1700000000000004,4.54595082632812,6.893260104706419,5.341
95,CHEMBL379929_0,62.79721047758402,128.41025769333888,1.462072163626779,152.58859434084064,157.20851944455288,156.36754045614663,1278.6159987692313,8.704182268523898,0.0006858095336117001,10.27520203518798,4.132183414855346,3.941685623429672,3.6223376555993534,3.323588127014731,2.725872447602489,4.150424080413525,4.183654210448855,0.1462827964591658,7.57767618648646,3.821949816865003,2.6890898874102427,1.73244554232491,0.980127970649256,5.081880000000004,325.8573150519735,5.66567791005291,2.025992798353909,2.079710144927536,0.0194288548752833,8.342840327175765,1.0383613257567084,2.16567791005291,0.0,15.0254,22.83569,0.99286,0.2638119502209958,43.2123125142493,1.752,4.3694478524670215,6.892022794903896,5.373000000000001
96,CHEMBL1922117_0,85.14122986001682,196.58283746267847,1.142456876240417,160.40155500893962,169.84745264816146,165.97505473537888,2148.1621510793643,13.36270215880173,3.137146945925244e-05,10.41950776529607,4.060055559935871,3.762239181303024,3.658300404677143,3.4314576998507804,3.0624683482133968,4.074078736928767,4.128095917238081,0.1169505707982299,10.532763161319645,5.163611279310084,3.3328495796666524,2.101629489866871,1.0719458228951653,5.542670000000007,421.1733770135112,2.023094883786848,1.9623704393883867,2.1194444444444445,-0.0341972946586042,9.367578510270652,1.8733941210271483,4.784726789573436,0.03333,32.83683,26.43571,0.88119,0.2368060787887118,50.107090053981,2.2390000000000003,4.314149212270796,6.297828444359064,3.586
97,CHEMBL14762_0,72.4522395260739,153.55947583722522,1.1654184209274323,160.04841801479236,170.9066468593356,164.02969753998084,1784.417300999998,11.130993010113928,-0.0008609312205230938,10.311601919264692,4.059822608465057,3.7770008084070383,3.5340641085481965,3.3675866372095022,3.038634114979657,4.073898287307592,4.127840783304809,0.122062822156398,9.01723464055604,4.326954097607896,2.7232664199827994,1.6791138853536882,0.986205186303948,4.273070000000006,351.54478091613873,2.0235997732426303,2.065616536725393,2.1346153846153846,0.0247419060216678,8.010834937302189,1.46416978635909,3.4735468079389094,0.03846,22.44028,23.56334,0.90628,0.2518942131356129,43.716456851504,1.884,4.200954297280359,6.272670617324849,3.72
98,CHEMBL1908360_0,194.9294271024677,511.0117157390736,1.1235626508551166,155.54488700126316,161.8719974360444,162.83278120260292,5429.126823761575,33.387966267044725,0.0016210308542172,10.982965229969192,3.836686722495051,3.769553810842941,3.740337514754126,3.708789536486385,3.636445571300303,3.886872008193563,3.906288930345111,0.2585196134352865,25.00642650639976,14.876470565116158,10.494175303608186,7.326529145694621,4.266604770588452,5.901960000000009,2314.3691041898155,1.1945977164149268,1.9954679210027757,2.3835784313725488,-0.6593709309585101,9.679582084495426,3.683454896645535,7.45791231111451,0.0,131.55799,67.28116,0.98943,0.1865332371972956,99.22892872835286,4.655000000000001,4.787491742782046,5.655991810819852,4.131
99,CHEMBL3695656_0,63.19369757273502,117.14750063533891,1.3492278336113142,157.1852222566492,165.6625361889971,163.49897064860306,1318.932460375,8.217762865959374,-0.003031072590654,9.287168992783132,3.9896110914642255,3.821186180864618,3.5352037674983325,3.3318823131358544,2.967631561565661,4.008516153186516,4.052254552842017,0.0757665782925762,7.63534993542248,3.272139700181228,2.1246234125060206,1.36997429855377,0.7237553919202834,4.386850000000003,336.643117063355,2.634110804688768,2.06759399837883,2.4466666666666668,0.128794564121945,5.731660766869112,1.9915080214190477,4.575431397529716,0.04,14.73102,26.90307,1.07612,0.2836183342165995,42.191674318352696,2.2850000000000006,4.248495242049359,6.326987672751547,2.259
100,CHEMBL378370_0,80.30282800182887,173.1014540964902,1.3327753870074828,158.4183432642719,161.6039282238294,164.28642645822754,2537.968209965561,12.24756310370334,0.0010272667004422,10.78123238097767,4.040152392837355,3.970264981476892,3.723795397221013,3.458997328216093,3.10967221543051,4.045457664248259,4.072577355891183,0.1835242959430975,9.860424833685189,5.505547586702967,3.8248105315694874,2.3172623259520693,1.4011640785669912,4.716080000000003,464.4215423399716,0.4254058101321328,1.9482774313429077,2.3226337448559677,-0.0430946862981498,8.775517197579852,1.9088008897612367,6.53726657755157,0.06667,24.88077,32.4434,1.08145,0.2986243484950201,39.18474627630445,3.012,4.394449154672439,6.472153076453734,2.6539999999999995
101,CHEMBL3695662_0,71.68423628728189,142.79338092503704,1.3371287299091614,154.45196138183198,163.37227391069166,163.22492213921737,1482.1793331111107,9.72220622801364,-0.002798391556961,9.621148713171246,4.013069987706504,3.9594213768561617,3.5463858057844964,3.3997351594873533,2.981978065104451,4.044186383657572,4.073522496285717,0.1198697238556726,8.655760073528791,4.007605690112707,2.763602632130282,1.8527037266888795,1.006267955002248,5.668370000000003,442.291226049423,2.662264017979344,2.0715113995963006,2.234567901234568,0.0976124732300327,8.431744694481692,1.969673658738032,4.653171013428674,0.03704,16.94435,28.95379,1.07236,0.2638214594811433,52.45356142202682,2.232,4.406719247264253,6.616901515364721,4.998
102,CHEMBL1240703_0,119.0059071454698,327.0411857664336,1.4909744649360044,151.4223234366256,155.44057818482375,156.16817901062797,2493.5952762162187,17.042150210819994,-0.0002354017252747876,13.57994227808169,4.317493732580513,3.969910928524485,3.8404698553900976,3.739878485079564,3.3898729073652247,4.3265971049023175,4.346822498720188,0.5746095642588567,14.886715757139717,10.086228728222377,8.371415899954165,6.499939491506876,4.665049113434019,5.239490000000007,1380.298977289265,1.7879130448475686,2.047729093180482,2.210227272727273,-0.7379484363189721,11.562284788201474,2.4859086004424698,6.89122683146312,0.0,48.70608,58.66404,1.33327,0.2306658251743379,78.36659447674306,3.3280000000000003,4.980176086611547,7.988426331889458,6.172000000000001
103,CHEMBL207235_0,84.62415781152686,186.7421288467922,1.2644949921590023,158.05363399513035,164.23208588020086,162.80251443590507,2717.9989387977494,13.102286161724788,0.0010759773703284,10.812017892139872,4.040699138718855,3.971013525388004,3.7447685033968265,3.443547353335636,3.2394338640801035,4.046845369497363,4.074040110174864,0.2718473424836372,10.375007879990712,5.9343486830516845,4.166203117916698,2.767308637852108,1.7076340192909116,4.470380000000004,517.6044501976736,0.4081858475738512,1.9153673784328549,2.375385802469136,-0.0602235285758014,8.26944770861182,2.0471304359097813,6.597597290979188,0.0625,28.36815,35.0637,1.09574,0.2975865897927736,40.69249409963723,3.151,4.430816798843313,6.510072311316027,1.983
104,CHEMBL211003_0,81.19205381152686,172.04056736679215,1.265601013411939,160.43437996367624,164.01167653799652,163.529699162539,2643.95515778945,12.706585752600205,0.0013933783653895,10.777454372772972,4.039977129478856,3.9699819720159217,3.6324376167379695,3.4430329027332145,3.126423541436426,4.044957957430272,4.071984694427569,0.1152515045779522,9.675973421817677,5.240834527302722,3.259054865447383,2.099030597565323,1.2333777060203597,4.962080000000004,441.9123847612293,0.4203264889498407,1.9241844608213656,2.3559670781893005,-0.0398153653104951,9.41297471358244,1.9160629151613744,6.525945061765769,0.06667,25.65695,33.30491,1.11016,0.2940709667527164,40.38763982699663,2.962,4.3694478524670215,6.456573403976989,2.9290000000000003
